Type,Name,Description,Genre,Release Date,Season,Cast,Platform,Link
TV Show,1883,"Seeking a better life, the Dutton family undertakes a dangerous trek across the Great Plains toward the land destined to become Yellowstone Ranch.",Western,2021,1 Season,"Sam Elliott, Tim McGraw, Faith Hill",Netflix,https://www.netflix.com/ca/title/81559259
Movie,13 Hours: The Secret Soldiers of Benghazi,"Members of an elite security team battle to save the lives of trapped US Consulate personnel under attack by armed terrorists in Benghazi, Libya.",Action,2016,-,"John Krasinski, James Badge Dale, Max Martini",Netflix,https://www.netflix.com/ca/title/80067930
Movie,A Dog's Way Home,"A devoted, homesick dog goes on a treacherous journey across the American heartland to be reunited with her owner.",Drama,2019,-,"Ben Ratner, Jonah Hauer-King, Spencer Drever",Netflix,https://www.netflix.com/ca/title/81010969
TV Show,Adolescence,"When a 13-year-old is accused of the murder of a classmate, his family, therapist and the detective in charge are all left asking: what really happened?",Drama,2025,1 Season,"Stephen Graham, Ashley Walters, Erin Doherty",Netflix,https://www.netflix.com/ca/title/81756069
Movie,Aftermath,"Forced to reckon with his past, a war veteran leads the charge against a terrorist group that's trapped him and his sister on a bridge full of civilians.",Action,2024,-,"Dylan Sprouse, Mason Gooding, Dichen Lachman",Netflix,https://www.netflix.com/ca/title/81785091
TV Show,ALVINNN!!! And the Chipmunks,"Raised by their human dad, a scrappy young musical chipmunk and his brothers get into mischief and learn plenty of valuable lessons along the way.",Kids,2016,5 Seasons,"Ross Bagdasarian Jr., Janice Karman, Vanessa Bagdasarian",Netflix,https://www.netflix.com/ca/title/80097036
Movie,American Assassin,"After grad student Mitch Rapp suffers a tragic loss during a terrorist attack, his single-minded thirst for vengeance catches the interest of the CIA.",Action,2017,-,"Dylan O'Brien, Michael Keaton, Sanaa Lathan",Netflix,https://www.netflix.com/ca/title/80182951
TV Show,American Murder: Gabby Petito,"What happened in the final days of Gabby Petito's life? In this gripping true-crime series, her loved ones reveal the untold story of her tragic murder.",Documentary,2025,1 Season,,Netflix,https://www.netflix.com/ca/title/81733793
TV Show,American Primeval,A mother and son fleeing from their past form a found family while confronting a harsh landscape of freedom and cruelty in the American West.,Drama,2024,1 Season,"Taylor Kitsch, Betty Gilpin, Dane DeHaan",Netflix,https://www.netflix.com/ca/title/81457507
TV Show,Avatar: The Last Airbender,"Siblings Katara and Sokka wake young Aang from a long hibernation and learn he's an Avatar, whose air-bending powers can defeat the evil Fire Nation.",Kids,2005,3 Seasons,"Zach Tyler, Mae Whitman, Jack De Sena",Netflix,https://www.netflix.com/ca/title/70142405
Movie,Back in Action,"Fifteen years after vanishing from the CIA to start a family, elite spies Matt and Emily jump back into the world of espionage when their cover is blown.",Action,2025,-,"Jamie Foxx, Cameron Diaz, Glenn Close",Netflix,https://www.netflix.com/ca/title/81307099
Movie,Barbie,"When an identity crisis clouds her sunny life, Barbie visits the real world and discovers the challenges of just being a woman — or just being a Ken.",Comedy,2023,-,"Margot Robbie, Ryan Gosling, America Ferrera",Netflix,https://www.netflix.com/ca/title/80157969
Movie,Baywatch,"To save their beach, elite lifeguard Mitch Buchannon and a former Olympian probe a criminal plot that threatens the future of the bay.",Comedy,2017,-,"Dwayne Johnson, Zac Efron, Priyanka Chopra Jonas",Netflix,https://www.netflix.com/ca/title/80158583
TV Show,Beauty in Black,An exotic dancer's fate takes a turn when she crosses paths with the dysfunctional family behind a cosmetics dynasty and a devious trafficking scheme.,Drama,2024,1 Season,"Taylor Polidore Williams, Crystle Stewart, Amber Reign Smith",Netflix,https://www.netflix.com/ca/title/81764523
Movie,Beverly Hills Cop: Axel F,"Forty years after his unforgettable first case in Beverly Hills, Detroit cop Axel Foley returns to do what he does best: solve crimes and cause chaos.",Action,2024,-,"Eddie Murphy, Joseph Gordon-Levitt, Taylour Paige",Netflix,https://www.netflix.com/ca/title/81076856
Movie,Big George Foreman: The Miraculous Story of the Once and Future Heavyweight Champion of the World,"From making his mark to cementing his legend, this biopic of George Foreman highlights his turn toward faith and an improbable return to the ring.",Drama,2023,-,"Khris Davis, Jasmine Mathews, Sullivan Jones",Netflix,https://www.netflix.com/ca/title/81691509
TV Show,Breaking Bad,A high school chemistry teacher dying of cancer teams with a former student to secure his family's future by manufacturing and selling crystal meth.,Drama,2008,5 Seasons,"Bryan Cranston, Aaron Paul, Anna Gunn",Netflix,https://www.netflix.com/ca/title/70143836
TV Show,Bridgerton,"As a new crop of debutantes yearns to become the brightest of the ball, a wallflower with a double life finds her light amid secrets and surprises.",Drama,2020,3 Seasons,"Adjoa Andoh, Julie Andrews, Lorraine Ashbourne",Netflix,https://www.netflix.com/ca/title/80232398
TV Show,Brooklyn Nine-Nine,Easygoing Brooklyn police detective Jake Peralta must learn to follow the rules and be a team player when his squad gets an exacting new captain.,Comedy,2013,8 Seasons,"Andy Samberg, Andre Braugher, Stephanie Beatriz",Netflix,https://www.netflix.com/ca/title/70281562
Movie,Bumblebee,"Crash-landing on Earth in 1987, lovable hero Bumblebee befriends a feisty teenager while battling sinister Decepticons and a secret government agency.",Action,2018,-,"Hailee Steinfeld, John Cena, Jorge Lendeborg Jr.",Netflix,https://www.netflix.com/ca/title/81004276
Movie,Cleveland Abduction,"Abducted and imprisoned, Michelle Knight finds the will to survive amid the most horrific and heartbreaking of circumstances in this true-crime drama.",Drama,2015,-,"Taryn Manning, Raymond Cruz, Katie Sarife",Netflix,https://www.netflix.com/ca/title/80050010
TV Show,Cobra Kai,"Bitter enemies. Warring dojos. New blood. Daniel and Johnny reignite old West Valley rivalries in this follow-up series to the Karate Kid"" films.""",Action,2018,6 Seasons,"Ralph Macchio, William Zabka, Xolo Maridueña",Netflix,https://www.netflix.com/ca/title/81002370
TV Show,CoComelon Lane,"Join your favorite CoComelon"" characters on imaginative adventures as they explore feelings — and the world around them — in this story-driven series.""",Kids,2023,4 Seasons,"Cruze McKinnon, Samantha Alarcon, Elijah Lindo",Netflix,https://www.netflix.com/ca/title/81423472
Movie,Colombiana,"After seeing Bogotá gangsters murder her parents, Cataleya Restrepo turns herself into a ruthless assassin dedicated to tracking down their killers.",Action,2011,-,"Zoe Saldaña, Jordi Mollà, Lennie James",Netflix,https://www.netflix.com/ca/title/70178640
Movie,Counterattack,"When a hostage rescue mission creates a new enemy, Capt. Guerrero and his elite soldiers must face an ambush by a criminal group.",Action,2025,-,"Luis Alberti, Noé Hernández, Luis Curiel",Netflix,https://www.netflix.com/ca/title/81936018
TV Show,Court of Gold,Go behind the scenes with the top medal contenders in men's basketball as they battle for gold and glory at the 2024 Olympic Games in Paris.,Sports,2025,1 Season,"Steph Curry, Kevin Durant, Victor Wembanyama",Netflix,https://www.netflix.com/ca/title/81739527
TV Show,Crime Patrol,This reality crime series follows Indian authorities in great detail as they investigate prominent cases and close in on the suspects.,Drama,2025,1 Season,,Netflix,https://www.netflix.com/ca/title/80059015
Movie,Daaku Maharaaj,"When powerful forces threaten a young girl, a fearless man with a criminal past steps in to protect her and the community from danger.",Action,2024,-,"Nandamuri Balakrishna, Bobby Deol, Pragya Jaiswal",Netflix,https://www.netflix.com/ca/title/81715676
Movie,Despicable Me 2,"More gadgets, more Minions, more mayhem! As Gru turns his back on his baddie ways to care for his girls, a secret agency recruits him to fight evil.",Kids,2013,-,"Steve Carell, Kristen Wiig, Benjamin Bratt",Netflix,https://www.netflix.com/ca/title/70264803
Movie,Despicable Me 3,"After failing to arrest an '80s child star turned supervillain, Gru loses his job – but gains a family member when he learns he's got a long-lost twin.",Kids,2017,-,"Steve Carell, Kristen Wiig, Trey Parker",Netflix,https://www.netflix.com/ca/title/80166314
TV Show,Dexter,Mild-mannered Dexter works for the police department as a blood-splatter analyst but moonlights as a murderer who only targets other killers.,Thriller,2006,8 Seasons,"Michael C. Hall, Jennifer Carpenter, David Zayas",Netflix,https://www.netflix.com/ca/title/70136126
Movie,Dr. Seuss' The Grinch,A grump with a mean streak plots to bring Christmas to a halt in the cheerful town of Whoville. But a generous little girl could change his heart.,Kids,2018,-,"Benedict Cumberbatch, Cameron Seely, Rashida Jones",Netflix,https://www.netflix.com/ca/title/80996790
TV Show,Everybody’s Live with John Mulaney,John Mulaney conducts the first-ever celebrity sit-down talk show. Live every week.,Comedy,2025,1 Season,"John Mulaney, Richard Kind",Netflix,https://www.netflix.com/ca/title/81912996
TV Show,Family Reunion,"When the McKellan family moves from Seattle to small-town Georgia, life down South — and traditional grandparents — challenge their big-city ways.",Kids,2019,5 Seasons,"Loretta Devine, Tia Mowry, Anthony Alabi",Netflix,https://www.netflix.com/ca/title/80234451
Movie,Fast X,Dom Toretto faces his most dangerous challenge yet as he races to save his family from a nemesis with a vicious grudge and a serious case of road rage.,Action,2023,-,"Vin Diesel, Michelle Rodriguez, Tyrese Gibson",Netflix,https://www.netflix.com/ca/title/81649988
Movie,Faster,A bank robber just released from prison goes on a rampage to avenge his dead brother and is pursued by two relentless cops and an eccentric hit man.,Action,2010,-,"Dwayne Johnson, Billy Bob Thornton, Oliver Jackson-Cohen",Netflix,https://www.netflix.com/ca/title/70140907
Movie,Fatherhood,"A widowed new dad copes with doubts, fears, heartache and dirty diapers as he sets out to raise his daughter on his own. Inspired by a true story.",Drama,2021,-,"Kevin Hart, Alfre Woodard, Lil Rel Howery",Netflix,https://www.netflix.com/ca/title/81435227
TV Show,Formula 1: Drive to Survive,"Drivers, managers and team owners live life in the fast lane — both on and off the track — during each cutthroat season of Formula 1 racing.",Documentary,2019,7 Seasons,,Netflix,https://www.netflix.com/ca/title/80204890
TV Show,Fuller House,The Tanner family’s adventures continue as DJ Tanner-Fuller shares a home with her sister Stephanie and friend Kimmy who help raise her three boys.,Comedy,2016,5 Seasons,"Candace Cameron Bure, Jodie Sweetin, Andrea Barber",Netflix,https://www.netflix.com/ca/title/80051137
TV Show,Gabby's Dollhouse,"Cute cats, quirky crafts and colorful magic! Join kitty enthusiast Gabby and her sidekick Pandy Paws as they team up for a series of animated adventures.",Kids,2021,11 Seasons,"Laila Lockhart Kraner, Tucker Chandler, Juliet Donenfeld",Netflix,https://www.netflix.com/ca/title/81009946
TV Show,Gilmore Girls,"Fiercely independent single mom Lorelai raises gifted, Ivy League-bound daughter Rory amid a continual stream of quick-witted repartee.",Drama,2000,7 Seasons,"Lauren Graham, Alexis Bledel, Scott Patterson",Netflix,https://www.netflix.com/ca/title/70155618
Movie,"Girl, Interrupted",An 18-year-old checks into a psychiatric hospital in the late 1960s and finds unexpected connections with the other women receiving treatment.,Drama,1999,-,"Winona Ryder, Angelina Jolie, Clea DuVall",Netflix,https://www.netflix.com/ca/title/60000428
TV Show,Gossip Girl,These hyperprivileged Manhattan private-school kids seem to get away with everything. Except an anonymous blogger is watching their every move.,Drama,2007,6 Seasons,"Blake Lively, Leighton Meester, Penn Badgley",Netflix,https://www.netflix.com/ca/title/70143811
TV Show,Grey's Anatomy,Intern (and eventual resident) Meredith Grey finds herself caught up in personal and professional passions with fellow doctors at a Seattle hospital.,Drama,2005,20 Seasons,"Ellen Pompeo, Sandra Oh, Katherine Heigl",Netflix,https://www.netflix.com/ca/title/70140391
TV Show,Grizzy and the Lemmings,"Grizzy the bear loves to snack and relax in a Canadian forest cabin, where a pack of adorable, thrill-seeking lemmings are always making mayhem.",Kids,2017,3 Seasons,"Josselin Charier, Pierre-Alain de Garrigues",Netflix,https://www.netflix.com/ca/title/81154166
TV Show,Halo,"Master Chief John-117, a genetically enhanced soldier, leads a team to fight the Covenant — a theocratic union of aliens intent on destroying humanity.",Action,2021,1 Season,"Pablo Schreiber, Shabana Azmi, Natasha Culzac",Netflix,https://www.netflix.com/ca/title/81181219
Movie,Heaven Is for Real,"During surgery, the 4-year-old son of a pastor leaves his body and enters heaven. When he awakes, he recounts his visit to the other side.",Drama,2014,-,"Greg Kinnear, Kelly Reilly, Margo Martindale",Netflix,https://www.netflix.com/ca/title/70295734
Movie,Hidden Figures,Three brilliant Black women overcome bigotry and sexism at NASA to become the brains behind the launch of the first American astronaut into orbit.,Drama,2016,-,"Taraji P. Henson, Octavia Spencer, Janelle Monáe",Netflix,https://www.netflix.com/ca/title/80123775
Movie,Hitman,A nameless assassin carves a violent path across the globe as he tries to stay ahead of the powerful forces who want him dead at any cost.,Action,2007,-,"Timothy Olyphant, Dougray Scott, Olga Kurylenko",Netflix,https://www.netflix.com/ca/title/70065116
Movie,Hop,"After a fateful run-in with the Easter Bunny's runaway teenage son, an unemployed slacker takes over the rabbit's duties to help save the holiday.",Kids,2011,-,"James Marsden, Russell Brand, Kaley Cuoco",Netflix,https://www.netflix.com/ca/title/70142824
Movie,Hotel Transylvania 3: Summer Vacation,"It's love at first sight for Dracula when he meets Ericka, the charming but mysterious captain of the monster cruise that Mavis plans for the family.",Kids,2018,-,"Adam Sandler, Selena Gomez, Kevin James",Netflix,https://www.netflix.com/ca/title/80233925
TV Show,"House, M.D.","Hugh Laurie stars as Dr. Gregory House, an ornery physician who loathes his patients but is a genius at treating mysterious ailments.",Drama,2004,8 Seasons,"Hugh Laurie, Omar Epps, Robert Sean Leonard",Netflix,https://www.netflix.com/ca/title/70136117
TV Show,Inside,"Content creators take on a series of challenges to win a huge cash prize in this reality series from viral British YouTubers, the Sidemen.",Reality TV,2025,1 Season,,Netflix,https://www.netflix.com/ca/title/81943123
Movie,Interstellar,"With humanity teetering on the brink of extinction, a group of astronauts travels through a wormhole in search of another inhabitable planet.",Sci-Fi,2014,-,"Matthew McConaughey, Anne Hathaway, Jessica Chastain",Netflix,https://www.netflix.com/ca/title/70305903
Movie,John Wick,"When a gangster's son steals his car and kills his dog, fearless ex-assassin John Wick takes on the entire mob to get his revenge.",Action,2014,-,"Keanu Reeves, Michael Nyqvist, Alfie Allen",Netflix,https://www.netflix.com/ca/title/80013762
Movie,Jurassic World: Dominion,"Catastrophe looms as dinosaurs live among humans in a volatile world, and heroes — both old and new — unite once more for a thrilling adventure.",Sci-Fi,2022,-,"Chris Pratt, Bryce Dallas Howard, Laura Dern",Netflix,https://www.netflix.com/ca/title/81489837
Movie,Justice League,Batman and Wonder Woman gather a new team of superheroes — and try to resurrect Superman — in hopes of defeating a foe unlike any they've faced before.,Action,2017,-,"Ben Affleck, Henry Cavill, Amy Adams",Netflix,https://www.netflix.com/ca/title/80187362
Movie,Kinda Pregnant,"When Lainy's plan to settle down and start a family falls apart, she puts on a fake baby bump, tells a lie — and accidentally falls for her dream guy.",Comedy,2025,-,"Amy Schumer, Jillian Bell, Brianne Howey",Netflix,https://www.netflix.com/ca/title/81416715
Movie,Kong: Skull Island,"A U.S. military and scientific team sets out to survey an uncharted remote island, unaware of the gigantic surprise that lies in wait for them.",Action,2017,-,"Tom Hiddleston, Samuel L. Jackson, Brie Larson",Netflix,https://www.netflix.com/ca/title/80139562
TV Show,"Krish, Trish & Baltiboy Bharat Hain Hum",The beloved trio of animal storytellers relates the stirring history of India's fight for freedom through true-life tales of courage and sacrifice.,Action,2023,2 Seasons,"Tarun Ratnani, Smita Malhotra, Deepak Chachra",Netflix,https://www.netflix.com/ca/title/81713009
Movie,Land of Bad,"After a Special Forces op in the Philippines goes bad, a rookie soldier relies on a remote Air Force drone pilot to survive in hostile territory.",Action,2024,-,"Liam Hemsworth, Russell Crowe, Luke Hemsworth",Netflix,https://www.netflix.com/ca/title/81747468
Movie,Leo,Adam Sandler is a lizard named Leo in this coming-of-age musical comedy about the last year of elementary school as seen through the eyes of a class pet.,Kids,2023,-,"Adam Sandler, Bill Burr, Cecily Strong",Netflix,https://www.netflix.com/ca/title/81218917
Movie,Lift,"A professional thief and his expert crew attempt the ultimate heist: stealing $500 million in gold from a vault on a plane — 40,000 feet in the air.",Action,2024,-,"Kevin Hart, Gugu Mbatha-Raw, Vincent D'Onofrio",Netflix,https://www.netflix.com/ca/title/81446739
TV Show,Lost,"After their plane crashes on a remote tropical island, the survivors must contend with hidden dangers and mysterious, malevolent forces to stay alive.",Sci-Fi,2004,6 Seasons,"Matthew Fox, Evangeline Lilly, Josh Holloway",Netflix,https://www.netflix.com/ca/title/70136118
TV Show,Love Is Blind,"Nick and Vanessa Lachey host this social experiment where single men and women look for love and get engaged, all before meeting in person.",Reality TV,2020,8 Seasons,"Nick Lachey, Vanessa Lachey",Netflix,https://www.netflix.com/ca/title/80996601
TV Show,Love is Blind: Sweden,The unique dating experiment lands in Sweden as local singles seek true love and propose marriage — all before seeing each other in person.,Reality TV,2024,2 Seasons,Jessica Almenäs,Netflix,https://www.netflix.com/ca/title/81626839
TV Show,Lucifer,"Bored with being the Lord of Hell, the devil relocates to Los Angeles, where he opens a nightclub and forms a connection with a homicide detective.",Drama,2016,6 Seasons,"Tom Ellis, Lauren German, Kevin Alejandro",Netflix,https://www.netflix.com/ca/title/80057918
Movie,Lucky Baskhar,A middle-class bank clerk who longs to trade stability for adventure gets more than he bargained for when he unexpectedly becomes a wealthy man.,Thriller,2024,-,"Dulquer Salmaan, Meenakshi Chaudhary, Ramki",Netflix,https://www.netflix.com/ca/title/81902035
TV Show,Medusa,Somebody wants to kill CEO Bárbara Hidalgo. Can she find the culprit as her family schemes ruthlessly for control of their Colombian business empire?,Drama,2025,1 Season,"Juana Acosta, Manolo Cardona, Sebastián Martínez",Netflix,https://www.netflix.com/ca/title/81683616
Movie,Meg 2: The Trench,"In the ocean's darkest depths, researchers fight for survival against monstrous sea creatures and an equally predatory mining operation.",Action,2023,-,"Jason Statham, Wu Jing, Shuya Sophia Cai",Netflix,https://www.netflix.com/ca/title/81670643
Movie,Megan Leavey,"Injured by an explosive device in Iraq, a Marine corporal fights to be reunited with the bomb-sniffing German shepherd who saved her life in combat.",Drama,2017,-,"Kate Mara, Edie Falco, Common",Netflix,https://www.netflix.com/ca/title/80170259
TV Show,Men on a Mission,"Male celebs play make-believe as high schoolers, welcoming star transfer students every week and engaging in battles of witty humor and slapstick.",Variety TV,2015,4 Seasons,"Kang Ho-dong, Seo Jang-hoon, Kim Young-chul",Netflix,https://www.netflix.com/ca/title/80176842
Movie,Minions,"Travel back in time with Kevin, Stuart and Bob in this prequel that follows the Minions as they try to win the favor of supervillain Scarlet Overkill.",Kids,2015,-,"Sandra Bullock, Jon Hamm, Michael Keaton",Netflix,https://www.netflix.com/ca/title/80033394
Movie,Minions: The Rise of Gru,"Rejected by his supervillain idols, 12-year-old Gru sets out to prove his despicable nature with the help of his bumbling team of Minions.",Kids,2022,-,"Steve Carell, Pierre Coffin, Alan Arkin",Netflix,https://www.netflix.com/ca/title/81198916
Movie,Mission: Impossible - Dead Reckoning,"With time running out and enemies at every turn, Ethan Hunt and his IMF team race to prevent a rogue artificial intelligence from taking over the world.",Action,2023,-,"Tom Cruise, Hayley Atwell, Ving Rhames",Netflix,https://www.netflix.com/ca/title/81665878
TV Show,Mogura,"Based on real events, narcotics officer Shokichi Izanagi goes undercover to infiltrate a group of hip-hop artists suspected of drug trafficking.",Drama,2025,1 Season,"Hannya, Rico Narumi, Mitsuru Fukikoshi",Netflix,https://www.netflix.com/ca/title/82010936
TV Show,Ms. Rachel,"Come learn, play, sing and grow with Ms. Rachel in a fun series of interactive lessons teaching letters, numbers, colors, shapes — and so much more!",Kids,2024,1 Season,"Rachel Accurso, Aron Accurso, Keisha Gilles",Netflix,https://www.netflix.com/ca/title/81975233
Movie,Number 24,"On the brink of the Second World War, a young Norwegian man's drive to resist the Nazis sets a new course for his future – and the future of his country.",Drama,2024,-,"Sjur Vatne Brean, Erik Hivju, Philip Helgar",Netflix,https://www.netflix.com/ca/title/81664509
TV Show,ONE PIECE,Monkey D. Luffy sails with his crew of Straw Hat Pirates through the Grand Line to find the treasure One Piece and become the new king of the pirates.,Anime,1999,25 Seasons,"Mayumi Tanaka, Akemi Okamura, Kazuya Nakai",Netflix,https://www.netflix.com/ca/title/80107103
TV Show,Outer Banks,"On a North Carolina island of haves and have-nots, John B and his tight-knit crew of friends find mystery and adventure while hunting for lost treasure.",Drama,2020,4 Seasons,"Chase Stokes, Madelyn Cline, Madison Bailey",Netflix,https://www.netflix.com/ca/title/80236318
TV Show,Parenthood,"Four grown siblings juggle parenthood, relationships, careers and more as they cope with life's ups and downs in this drama set in Berkeley, California.",Comedy,2010,6 Seasons,"Peter Krause, Lauren Graham, Dax Shepard",Netflix,https://www.netflix.com/ca/title/70157304
TV Show,PAW Patrol,"Six heroic puppies led by a tech-savvy 10-year-old pull off high-stakes rescue missions using humor, problem-solving skills and cool vehicles.",Kids,2013,7 Seasons,"Devan Cohen, Owen Mason, Kallan Holley",Netflix,https://www.netflix.com/ca/title/80026226
TV Show,Peppa Pig,Join plucky piglet Peppa and her family and friends for everyday adventures that prove there's learning and laughter to be had anywhere you look.,Kids,2004,6 Seasons,"Lily Snowden-Fine, John Sparkes, Richard Ridings",Netflix,https://www.netflix.com/ca/title/80025494
Movie,Pixels,"When aliens attack Earth in the style of old video games, the president and his childhood pals (a pack of former arcade kings) swing into action.",Action,2015,-,"Adam Sandler, Kevin James, Michelle Monaghan",Netflix,https://www.netflix.com/ca/title/80037476
Movie,Plane,"When a lightning strike forces him to crash-land on a remote island, a determined pilot fights to protect his passengers from a violent local militia.",Action,2023,-,"Gerard Butler, Mike Colter, Tony Goldwyn",Netflix,https://www.netflix.com/ca/title/81625291
TV Show,Prison Break,"When his brother is wrongly convicted of murder, a structural engineer resolves to bust his sibling out of the notorious Fox River State Penitentiary.",Action,2005,5 Seasons,"Wentworth Miller, Dominic Purcell, Amaury Nolasco",Netflix,https://www.netflix.com/ca/title/70140425
Movie,Pushpa 2: The Rule (Reloaded Version),"As his smuggling empire grows, a brazen Pushpa longs for power and respect on his vengeful journey, while facing old rivals and new.",Action,2025,-,"Allu Arjun, Rashmika Mandanna, Fahadh Faasil",Netflix,https://www.netflix.com/ca/title/82006666
Movie,Puss in Boots: The Last Wish,"When his legendary feats bring his nine lives down to one, Puss in Boots sets out to find a magical Wishing Star in his most daring adventure yet.",Kids,2022,-,"Antonio Banderas, Salma Hayek Pinault, Harvey Guillén",Netflix,https://www.netflix.com/ca/title/81555726
TV Show,Raw,"WWE's groundbreaking, Superstar-studded in-ring series delivers live action, drama and unmatched athleticism every week.",Action,2025,1 Season,,Netflix,https://www.netflix.com/ca/title/81788927
Movie,Ready Player One,"In a world on the brink of collapse, a talented gamer takes the lead in a series of challenges to win ownership of a massive virtual reality universe.",Action,2018,-,"Tye Sheridan, Olivia Cooke, Ben Mendelsohn",Netflix,https://www.netflix.com/ca/title/80211726
Movie,Rebel Ridge,A former Marine confronts corruption in a small town when local law enforcement unjustly seizes the bag of cash he needs to post his cousin's bail.,Thriller,2024,-,"Aaron Pierre, Don Johnson, AnnaSophia Robb",Netflix,https://www.netflix.com/ca/title/81157729
Movie,Red Notice,An FBI profiler pursuing the world's most wanted art thief becomes his reluctant partner in crime to catch an elusive crook who's always one step ahead.,Action,2021,-,"Dwayne Johnson, Ryan Reynolds, Gal Gadot",Netflix,https://www.netflix.com/ca/title/81161626
Movie,Rescued by Ruby,"Chasing his dream to join an elite K-9 unit, a state trooper partners with a fellow underdog: clever but naughty shelter pup Ruby. Based on a true story.",Kids,2022,-,"Grant Gustin, Scott Wolf, Kaylah Zander",Netflix,https://www.netflix.com/ca/title/81107362
TV Show,Running Point,A reformed party girl must prove herself as a businesswoman when she's unexpectedly put in charge of her family's pro basketball team.,Comedy,2025,1 Season,"Kate Hudson, Drew Tarver, Scott MacArthur",Netflix,https://www.netflix.com/ca/title/81483318
TV Show,S.W.A.T.,"In his hometown of Los Angeles, a sergeant is tasked with leading an elite team of officers — and defusing deadly tensions in his community.",Action,2017,6 Seasons,"Shemar Moore, Stephanie Sigman, Alex Russell",Netflix,https://www.netflix.com/ca/title/80179292
TV Show,SAKAMOTO DAYS,"Once the greatest hitman of all, Taro Sakamoto retired in the name of love. But when his past catches up, he must fight to protect his beloved family.",Anime,2025,1 Season,"Tomokazu Sugita, Nobunaga Shimazaki, Ayane Sakura",Netflix,https://www.netflix.com/ca/title/81663325
TV Show,Sam & Cat,"When life throws them together, teens Sam and Cat become roommates, start a babysitting service and soon discover what an adventure the job can be.",Kids,2013,1 Season,"Jennette McCurdy, Ariana Grande, Cameron Ocasio",Netflix,https://www.netflix.com/ca/title/80027564
Movie,Scarface,"In a ruthless rise to Miami drug lord, a Cuban-born gangster descends into addiction, obsession and brutality, with grisly consequences.",Thriller,1983,-,"Al Pacino, Steven Bauer, Michelle Pfeiffer",Netflix,https://www.netflix.com/ca/title/60029681
TV Show,Schitt's Creek,"Suddenly broke, the formerly filthy-rich Rose family is reduced to living in a ramshackle motel in a town they once bought as a joke: Schitt's Creek.",Comedy,2015,3 Seasons,"Eugene Levy, Catherine O'Hara, Daniel Levy",Netflix,https://www.netflix.com/ca/title/80036165
TV Show,Shameless (U.S.),This dramedy based on a British series centers on siblings in a dysfunctional Chicago family who struggle while coping with their alcoholic father.,Drama,2011,11 Seasons,"William H. Macy, Emmy Rossum, Jeremy Allen White",Netflix,https://www.netflix.com/ca/title/70184207
Movie,Shooting Stars,This dramatization of LeBron James' life chronicles how he and his friends overcame the odds to become the nation's top high school basketball team.,Drama,2023,-,"Wood Harris, Mookie Cook, Caleb McLaughlin",Netflix,https://www.netflix.com/ca/title/81683692
Movie,Sing,"An optimistic koala tries to save his struggling theater with a singing contest that attracts animal talent of all shapes, sizes and species.",Kids,2016,-,"Matthew McConaughey, Reese Witherspoon, Seth MacFarlane",Netflix,https://www.netflix.com/ca/title/80117526
TV Show,Ski into Love,"After a scandal threatens her career, manga artist Wei Zhi escapes to a ski resort, where she meets instructor Shan Chong and begins to heal.",Romance,2025,1 Season,"Yu Shuxin, Lin Yi, Fei Qiming",Netflix,https://www.netflix.com/ca/title/81954934
Movie,Society of the Snow,"Following a plane crash in the remote heart of the Andes, survivors join forces and become each other's best hope as they navigate their way back home.",Drama,2024,-,"Enzo Vogrincic, Agustín Pardella, Matías Recalt",Netflix,https://www.netflix.com/ca/title/81268316
TV Show,Son of a Critch,"An awkward boy on the cusp of adolescence endures the complications of family life, Catholic school and youthful romance in 1980s Newfoundland.",Comedy,2022,1 Season,"Benjamin Evan Ainsworth, Mark Critch, Claire Rankin",Netflix,https://www.netflix.com/ca/title/81928076
Movie,Sonic the Hedgehog,A small-town sheriff helps an alien hedgehog with supersonic speed outrun a wicked doctor who wants the creature's special powers to dominate the world.,Kids,2020,-,"James Marsden, Jim Carrey, Ben Schwartz",Netflix,https://www.netflix.com/ca/title/80217006
Movie,Spenser Confidential,"Spenser, an ex-cop and ex-con, teams up with aspiring fighter Hawk to uncover a sinister conspiracy tied to the deaths of two Boston police officers.",Thriller,2020,-,"Mark Wahlberg, Winston Duke, Alan Arkin",Netflix,https://www.netflix.com/ca/title/81005492
Movie,Spider-Man: Into the Spider-Verse,"After being bitten by a radioactive spider, Brooklyn teen Miles Morales gets a crash course in web-slinging from his alternate-dimension counterparts.",Action,2018,-,"Shameik Moore, Jake Johnson, Hailee Steinfeld",Netflix,https://www.netflix.com/ca/title/81002747
Movie,Spy,"To avenge her superspy partner and stop a global threat, an untested, desk-bound CIA analyst goes undercover — and proves remarkably adept in the field.",Comedy,2015,-,"Melissa McCarthy, Jason Statham, Rose Byrne",Netflix,https://www.netflix.com/ca/title/80027379
TV Show,Squid Game,"Hundreds of cash-strapped players accept a strange invitation to compete in children's games. Inside, a tempting prize awaits — with deadly high stakes.",Thriller,2021,2 Seasons,"Lee Jung-jae, Lee Byung-hun, Yim Si-wan",Netflix,https://www.netflix.com/ca/title/81040344
TV Show,Stranger Things,"When a young boy vanishes, a small town uncovers a mystery involving secret experiments, terrifying supernatural forces and one strange little girl.",Sci-Fi,2016,4 Seasons,"Winona Ryder, David Harbour, Millie Bobby Brown",Netflix,https://www.netflix.com/ca/title/80057281
Movie,Suicide Squad,"While behind bars, a team of supervillains is recruited by a secret government agency for a deadly mission to save humanity in exchange for clemency.",Action,2016,-,"Will Smith, Jared Leto, Margot Robbie",Netflix,https://www.netflix.com/ca/title/80091595
TV Show,Suits,"After impressing a slick lawyer with his razor-sharp mind, a college dropout scores a coveted associate job, even though he has no legal credentials.",Drama,2011,9 Seasons,"Gabriel Macht, Patrick J. Adams, Sarah Rafferty",Netflix,https://www.netflix.com/ca/title/70195800
Movie,Sully,"Shortly after takeoff, an Airbus 320 crash-lands on the Hudson River. There are no fatalities, but the captain faces scrutiny and the glare of fame.",Drama,2016,-,"Tom Hanks, Aaron Eckhart, Laura Linney",Netflix,https://www.netflix.com/ca/title/80103102
TV Show,Superstore,"At a big-box megastore in St. Louis, a group of employees with larger-than-life personalities put up with customers, day-to-day duties and each other.",Comedy,2015,6 Seasons,"America Ferrera, Ben Feldman, Mark McKinney",Netflix,https://www.netflix.com/ca/title/80061132
TV Show,Sweet Magnolias,"Lifelong friends Maddie, Helen and Dana Sue lift each other up as they juggle relationships, family and careers in the small Southern town of Serenity.",Drama,2020,4 Seasons,"JoAnna Garcia Swisher, Brooke Elliott, Heather Headley",Netflix,https://www.netflix.com/ca/title/80239866
TV Show,Temptation Island,"In this spicy update to the hit reality series, four couples test their relationships by shacking up with eligible singles on a tropical island.",Reality TV,2025,1 Season,Mark L. Walberg,Netflix,https://www.netflix.com/ca/title/81744518
Movie,The Bad Guys,"After a heist gone wrong, a wily wolf and his infamous crew of animal accomplices agree to become model citizens — or at least try to.",Kids,2022,-,"Sam Rockwell, Marc Maron, Awkwafina",Netflix,https://www.netflix.com/ca/title/81513703
Movie,The Boss Baby,A kid finds himself at the center of a sinister corporate plot when his parents bring home a baby who only talks business when they're not around.,Kids,2017,-,"Alec Baldwin, Lisa Kudrow, Jimmy Kimmel",Netflix,https://www.netflix.com/ca/title/80146758
Movie,The Electric State,"An orphaned teen hits the road with a mysterious robot to find her long-lost brother, teaming up with a smuggler and his wisecracking sidekick.",Sci-Fi,2025,-,"Millie Bobby Brown, Chris Pratt, Ke Huy Quan",Netflix,https://www.netflix.com/ca/title/81601562
Movie,The Equalizer 2,Ex-DIA agent-turned-vigilante Robert McCall uses his deadly skills once again to avenge the death of a close friend and former colleague.,Action,2018,-,"Denzel Washington, Pedro Pascal, Ashton Sanders",Netflix,https://www.netflix.com/ca/title/80236390
TV Show,The First Frost,"After Wen Yifan has a chance encounter with her childhood crush, complicated feelings surface when the two wind up living together.",Romance,2025,1 Season,"Bai Jinting, Zhang Ruonan, Edward Chen",Netflix,https://www.netflix.com/ca/title/81956912
Movie,The Flash,"When the Flash uses his unique powers to alter a tragedy in his past, he causes a time paradox that could devastate the present — and the future.",Action,2022,-,"Ezra Miller, Sasha Calle, Michael Shannon",Netflix,https://www.netflix.com/ca/title/81251375
Movie,The Hunger Games,"In a dystopian future, teens Katniss and Peeta are drafted for a televised event pitting young competitors against one another in a fight to the death.",Action,2012,-,"Jennifer Lawrence, Josh Hutcherson, Liam Hemsworth",Netflix,https://www.netflix.com/ca/title/70206672
TV Show,The Loud House,"Things are chaotic in the Loud house, where middle-kid Lincoln navigates life with 10 sisters — five older, five younger, and all of them a handful.",Kids,2016,2 Seasons,"Grant Palmer, Collin Dean, Catherine Taber",Netflix,https://www.netflix.com/ca/title/81186971
Movie,The Meg,"When an attack leaves a research crew trapped at the bottom of the sea, a rescue diver must face a massive predator long presumed extinct to save them.",Action,2018,-,"Jason Statham, Li Bingbing, Rainn Wilson",Netflix,https://www.netflix.com/ca/title/80237937
TV Show,The Night Agent,"Brought together by a midnight phone call, an FBI agent and a cybersecurity expert must unravel an ever-growing web of political conspiracies.",Thriller,2023,2 Seasons,"Gabriel Basso, Luciane Buchanan, Hong Chau",Netflix,https://www.netflix.com/ca/title/81450827
Movie,The Predator,"When a Predator ship crash-lands on Earth, an alien tracker, a secret government agency, a biologist and a group of military castoffs race to find it.",Action,2018,-,"Boyd Holbrook, Trevante Rhodes, Olivia Munn",Netflix,https://www.netflix.com/ca/title/80236391
TV Show,The Resident,A medical student learns tough lessons about hospital life and endures intense on-the-job training under the supervision of a brilliant senior resident.,Drama,2018,6 Seasons,"Matt Czuchry, Manish Dayal, Bruce Greenwood",Netflix,https://www.netflix.com/ca/title/80179399
Movie,The Secret Life of Pets,"When two squabbling pet dogs end up in the outside world, they find common ground staving off a gang of abandoned pets out for revenge on humans.",Kids,2016,-,"Louis C.K., Eric Stonestreet, Kevin Hart",Netflix,https://www.netflix.com/ca/title/80095314
Movie,The Six Triple Eight,"During WWII, the only US Women's Army Corps unit of color stationed overseas takes on an impossible mission in Tyler Perry's drama based on a true story.",Drama,2024,-,"Kerry Washington, Ebony Obsidian, Milauna Jackson",Netflix,https://www.netflix.com/ca/title/81590591
Movie,The Super Mario Bros. Movie,"Magically teleported from Brooklyn to the Mushroom Kingdom, two plucky plumbers team up with a princess to battle a tyrannical fire-breathing turtle.",Kids,2023,-,"Chris Pratt, Anya Taylor-Joy, Charlie Day",Netflix,https://www.netflix.com/ca/title/81640914
Movie,The Union,A New Jersey construction worker goes from regular guy to aspiring spy when his long-lost high school sweetheart recruits him for an espionage mission.,Action,2024,-,"Mark Wahlberg, Halle Berry, J.K. Simmons",Netflix,https://www.netflix.com/ca/title/81282732
TV Show,The Walking Dead,"In the wake of a zombie apocalypse, survivors hold on to the hope of humanity by banding together to wage a fight for their own survival.",Horror,2010,11 Seasons,"Andrew Lincoln, Steven Yeun, Norman Reedus",Netflix,https://www.netflix.com/ca/title/70177057
Movie,The Wolf of Wall Street,"A stockbroker soars to decadent, drug-fueled highs while trying to elude the FBI as he and his colleagues make untold millions with brazenly shady deals.",Comedy,2013,-,"Leonardo DiCaprio, Jonah Hill, Margot Robbie",Netflix,https://www.netflix.com/ca/title/70266676
Movie,Ticket to Paradise,"Determined to sabotage their daughter's upcoming wedding in Bali, a long-divorced couple agrees to a truce — and begins to see eye-to-eye again.",Comedy,2022,-,"George Clooney, Julia Roberts, Kaitlyn Dever",Netflix,https://www.netflix.com/ca/title/81598180
Movie,Transformers: Age of Extinction,"Five years after Chicago was destroyed, humans have turned against all robots. But a single dad and inventor resurrects one that may save the world.",Action,2014,-,"Mark Wahlberg, Stanley Tucci, Kelsey Grammer",Netflix,https://www.netflix.com/ca/title/70299855
Movie,Transformers: The Last Knight,"After Optimus Prime takes a dark turn, Cade Yeager joins forces with a group of Autobots to stop a villainous plot to destroy Earth.",Action,2017,-,"Mark Wahlberg, Anthony Hopkins, Josh Duhamel",Netflix,https://www.netflix.com/ca/title/80164399
TV Show,Until You Burn,"After his brother's death, an ex-convict launches an intricate web of lies and revenge against the privileged family he believes is behind the murder.",Drama,2025,1 Season,"Cristian Gamero, Essined Aponte, María Elisa Camargo",Netflix,https://www.netflix.com/ca/title/81710015
TV Show,Victorious,"When aspiring singer Tori Vega joins an eccentric group of talented teens at Hollywood Arts High School, she works to fit in — and stand out.",Kids,2010,2 Seasons,"Victoria Justice, Leon Thomas III, Matt Bennett",Netflix,https://www.netflix.com/ca/title/70172485
TV Show,Virgin River,"Searching for a fresh start, a nurse practitioner moves from LA to a remote northern California town and is surprised by what — and who — she finds.",Drama,2019,6 Seasons,"Alexandra Breckenridge, Martin Henderson, Tim Matheson",Netflix,https://www.netflix.com/ca/title/80240027
Movie,We Can Be Heroes,"When alien invaders capture Earth's superheroes, their kids must learn to work together to save their parents — and the planet.",Kids,2020,-,"YaYa Gosselin, Pedro Pascal, Priyanka Chopra Jonas",Netflix,https://www.netflix.com/ca/title/80994666
TV Show,Welcome to the Family,"A struggling single mom rallies her quirky family to outsmart a mafia boss after her estranged, wealthy father dies, leaving them with massive debt.",Comedy,2025,1 Season,"Marimar Vega, Erika Buenfil, Ana Layevska",Netflix,https://www.netflix.com/ca/title/81633043
TV Show,When Life Gives You Tangerines,"In Jeju, a spirited girl and a steadfast boy's island story blossoms into a lifelong tale of setbacks and triumphs — proving love endures across time.",Romance,2025,1 Season,"IU, Park Bo-gum, Moon So-ri",Netflix,https://www.netflix.com/ca/title/81681535
Movie,Wonder,"After being homeschooled all his life, a boy with facial differences attends a traditional school, where he must find friends among his bullies.",Drama,2017,-,"Julia Roberts, Owen Wilson, Jacob Tremblay",Netflix,https://www.netflix.com/ca/title/80147986
Movie,Wrath of Man,An enigmatic employee of an armored truck company catches his co-workers off guard when he unleashes his violent skills during an attempted heist.,Action,2021,-,"Jason Statham, Holt McCallany, Jeffrey Donovan",Netflix,https://www.netflix.com/ca/title/81462126
TV Show,WWE SmackDown,WWE's top Superstars settle scores and spark rivalries in weekly in-ring competition featuring action-packed matches from the blue brand.,Action,2025,1 Season,,Netflix,https://www.netflix.com/ca/title/81788930
TV Show,"XO, Kitty","Following her heart to an elite high school in Seoul, teen matchmaker Kitty learns that life, love and family are more complicated than she ever imagined.",Comedy,2023,2 Seasons,"Anna Cathcart, Min-yeong Choi, Gia Kim",Netflix,https://www.netflix.com/ca/title/81324724
TV Show,Yellowstone,"The owner of Montana's largest ranch, John Dutton, defends a vanishing way of life as business interests and politicians scheme to force him out.",Drama,2018,4 Seasons,"Kevin Costner, Luke Grimes, Kelly Reilly",Netflix,https://www.netflix.com/ca/title/80238738
TV Show,Young Sheldon,"Brilliant yet awkward 9-year-old Sheldon Cooper lands in high school where his smarts leave everyone stumped in this The Big Bang Theory"" spinoff.""",Comedy,2017,7 Seasons,"Iain Armitage, Zoe Perry, Lance Barber",Netflix,https://www.netflix.com/ca/title/80192612
TV Show,Zero Day,"A former U.S. President is called out of retirement to find the source of a deadly cyberattack, only to discover a vast web of lies and conspiracies.",Thriller,2025,1 Season,"Robert De Niro, Jesse Plemons, Lizzy Caplan",Netflix,https://www.netflix.com/ca/title/81598435
